Fontanez,Rhian,R.Fontanez@aol.net
Bonjour,Adrian,A.Bonjour@karoo.org
Busack,Jordy,J.Busack@karoo.co.uk
Trudell,Matas,M.Trudell@yahoo.com
On,Jordy,J.On@hotmail.mail
Fetter,Madaki,M.Fetter@mailsevre.mail
Chicles,Samual,S.Chicles@deliver.net
Ploense,Ogheneruno,O.Ploense@msn.com
Olshefski,Breandan,B.Olshefski@mailsevre.mail
Siedner,Argyle,A.Siedner@mail.mail
Schlindwein,Leiten,L.Schlindwein@hotmail.org
Hallock,Ralph,R.Hallock@aol.mail
Pucciarelli,Ryese,R.Pucciarelli@mail.co.uk
Wikel,Shenuk,S.Wikel@aol.net
Dietze,Ericlee,E.Dietze@mailsevre.co.uk
Davidsmeyer,Marley,M.Davidsmeyer@gmail.co.uk
Casanas,Dustin,D.Casanas@mailsevre.net
Borsos,Erencem,E.Borsos@aol.org
Seneker,Chevy,C.Seneker@hotmail.net
Mathur,Alisdair,A.Mathur@mailsevre.co.uk
Naylor,Shaye,S.Naylor@hotmail.mail
Anon,Zak,Z.Anon@yahoo.net
Vereen,Tadhg,T.Vereen@mailsevre.org
Kormann,Jace,J.Kormann@mailsevre.com
Pizzaro,Matteo,M.Pizzaro@karoo.com
Cowher,Jamey,J.Cowher@gmail.co.uk
Mcgalliard,Bendeguz,B.Mcgalliard@mailsevre.net
Sharley,Karthikeya,K.Sharley@yahoo.com
Sahagian,Coll,C.Sahagian@mailsevre.co.uk
Maxi,Aedyn,A.Maxi@karoo.com
Colmenero,Rian,R.Colmenero@gmail.com
Richelieu,Peiyan,P.Richelieu@yahoo.co.uk
Mayorca,Thorfinn,T.Mayorca@email.mail
Paar,Jonson,J.Paar@aol.com
Ammirata,Mohammad-Bilal,M.Ammirata@msn.mail
Jubilee,Fintan,F.Jubilee@email.org
Secker,Hassan,H.Secker@mail.co.uk
Shipps,Diego,D.Shipps@mailsevre.net
Fentress,Conlon,C.Fentress@gmail.co.uk
Mitchelle,Marty,M.Mitchelle@mail.mail
Alesse,Calan,C.Alesse@aol.mail
Leusink,Ceirin,C.Leusink@sky.co.uk
Alampi,Ilyas,I.Alampi@msn.mail
Recupero,Johnson,J.Recupero@mail.mail
Sigona,Hussnain,H.Sigona@karoo.co.uk
Arabia,Saman,S.Arabia@mailsevre.co.uk
Gremillion,Elyan,E.Gremillion@mailsevre.org
Mcdaneld,Rokas,R.Mcdaneld@mailsevre.co.uk
Auiles,Jazib,J.Auiles@gmail.co.uk
Carthon,Armen,A.Carthon@gmail.net
Taha,Jagat,J.Taha@aol.org
Whiteford,Milos,M.Whiteford@email.mail
Lal,Ardal,A.Lal@mailsevre.co.uk
Eifler,Eassan,E.Eifler@deliver.com
Minasian,Temba,T.Minasian@mailsevre.co.uk
Mante,Anselm,A.Mante@mail.com
Slunaker,Vladimir,V.Slunaker@gmail.co.uk
Mcguffin,Jayden-Paul,J.Mcguffin@mail.net
Laudenslager,Rayhan,R.Laudenslager@sky.org
Mclouth,Caedan,C.Mclouth@msn.net
Hanford,Ronan-Benedict,R.Hanford@email.org
Edgecomb,Haider,H.Edgecomb@yahoo.net
Nose,Obieluem,O.Nose@mail.co.uk
Lonas,Muzzammil,M.Lonas@hotmail.mail
Qadir,Anselm,A.Qadir@mailsevre.com
Siebel,Mcbride,M.Siebel@aol.com
Henricksen,Rohin,R.Henricksen@mail.org
Slotnick,Conley,C.Slotnick@mailsevre.org
Mckamey,Shyam,S.Mckamey@gmail.net
Bringle,Cobain,C.Bringle@email.org
Spolar,Bentley,B.Spolar@mailsevre.mail
Schaab,Jaydon,J.Schaab@aol.mail
Putt,Marko,M.Putt@gmail.org
Medoza,Emerson,E.Medoza@gmail.net
Melikyan,Tee,T.Melikyan@yahoo.org
Perrill,Mac,M.Perrill@gmail.org
Carvalno,Conli,C.Carvalno@mail.net
Stouch,Emmanuel,E.Stouch@mail.org
Butkiewicz,Basile,B.Butkiewicz@yahoo.net
Awyie,Geordie,G.Awyie@aol.mail
Mikhaiel,Stewart,S.Mikhaiel@deliver.com
Grade,Amro,A.Grade@gmail.co.uk
Areias,Boab,B.Areias@yahoo.co.uk
Bockover,Kaiden,K.Bockover@deliver.co.uk
Devel,Christopher-Lee,C.Devel@mail.org
Selca,Kirk,K.Selca@email.org
Vizcarrondo,Frederick,F.Vizcarrondo@karoo.org
Cersey,Brody,B.Cersey@mail.co.uk
Nunnelley,Casper,C.Nunnelley@gmail.mail
Strause,Nihal,N.Strause@hotmail.com
Gutzler,Guillaume,G.Gutzler@mailsevre.net
Colaizzo,Kalum,K.Colaizzo@karoo.net
Grof,Uilleam,U.Grof@sky.mail
Noia,Morgyn,M.Noia@yahoo.com
Volante,Gallagher,G.Volante@aol.mail
Orbison,Gustav,G.Orbison@yahoo.mail
Kishi,Thierry,T.Kishi@mailsevre.mail
Ortaga,Willum,W.Ortaga@msn.org
Brisbone,Madaki,M.Brisbone@aol.org
Underwood,Cole,C.Underwood@aol.org
Vanderlip,Raheem,R.Vanderlip@yahoo.co.uk
Palomaki,Rui,R.Palomaki@mailsevre.mail
Barrick,Reice,R.Barrick@gmail.org
Kopinski,Avi,A.Kopinski@karoo.mail
Eicher,Pierre-Antoine,P.Eicher@aol.co.uk
Weckerly,Kedrick,K.Weckerly@email.co.uk
Mcmonigle,Yakup,Y.Mcmonigle@deliver.com
Kown,Nash,N.Kown@yahoo.net
Butanda,Rihab,R.Butanda@hotmail.mail
Edwads,Te-Jay,T.Edwads@aol.net
Gilham,Lawson,L.Gilham@gmail.mail
Brehm,Sandro,S.Brehm@hotmail.com
Deason,Cormak,C.Deason@yahoo.com
Virelli,Yusef,Y.Virelli@sky.org
Scucchi,Oluwalayomi,O.Scucchi@mailsevre.net
Bracamonte,Ksawier,K.Bracamonte@sky.co.uk
Ogami,Berkay,B.Ogami@karoo.net
Axe,Kellan,K.Axe@mail.co.uk
Mady,Mahdi,M.Mady@email.co.uk
Pacubas,Asfhan,A.Pacubas@msn.net
Verrill,Nikash,N.Verrill@deliver.co.uk
Lofguist,Wyatt,W.Lofguist@deliver.com
Geitner,Mathew,M.Geitner@yahoo.org
Fleeman,Kaleb,K.Fleeman@sky.net
Brede,Kamran,K.Brede@aol.mail
Kluver,Garrett,G.Kluver@email.net
Lapadula,Ruan,R.Lapadula@mailsevre.co.uk
Bartel,Barkley,B.Bartel@deliver.net
Kavaney,Solomon,S.Kavaney@deliver.co.uk
Roskovensky,Crawford,C.Roskovensky@deliver.net
Gindlesperger,Craig,C.Gindlesperger@msn.co.uk
Junod,Clark,C.Junod@hotmail.com
Bozzone,Cailin,C.Bozzone@aol.com
Stradford,Eason,E.Stradford@aol.org
Renfrow,Bracken,B.Renfrow@deliver.net
Greber,Josese,J.Greber@yahoo.co.uk
Vaill,Gustav,G.Vaill@hotmail.org
Rellihan,Broghan,B.Rellihan@email.mail
Philipose,Kelvan,K.Philipose@mail.co.uk
Albin,Leven,L.Albin@aol.co.uk
Sabates,Kurtis,K.Sabates@aol.mail
Stammer,Kylan,K.Stammer@gmail.com
Misove,Cesare,C.Misove@mail.net
Koy,Badr,B.Koy@msn.mail
Cabiles,Brandon,B.Cabiles@karoo.com
Cabot,Manmohan,M.Cabot@msn.mail
Clemmons,Harikrishna,H.Clemmons@sky.co.uk
Notestine,Al,A.Notestine@mailsevre.com
Tokarz,Jaydyn,J.Tokarz@email.net
Farruggio,Conlan,C.Farruggio@msn.co.uk
Locklar,Tobie,T.Locklar@deliver.org
Lasenby,Griffyn,G.Lasenby@karoo.org
Cruise,Rikki,R.Cruise@yahoo.mail
Cassani,Calvin,C.Cassani@yahoo.com
Enix,Darwyn,D.Enix@mail.org
Brewton,Kaydin,K.Brewton@sky.org
Morici,Kale,K.Morici@mail.com
Comly,Koushik,K.Comly@mailsevre.mail
Sas,Ayyub,A.Sas@sky.co.uk
Sorin,Phoevos,P.Sorin@karoo.net
Zalewski,Spencer,S.Zalewski@yahoo.mail
Urbieta,Muzzammil,M.Urbieta@email.net
Fenn,Riyaj,R.Fenn@sky.com
Lammers,Suraj,S.Lammers@aol.com
Isgur,Corben,C.Isgur@email.com
Nusser,Girius,G.Nusser@karoo.net
Domebo,Christoph,C.Domebo@hotmail.com
Niznik,Xabier,X.Niznik@msn.org
Semone,Toluwalase,T.Semone@sky.co.uk
Hashem,Mashhood,M.Hashem@mail.mail
Lauters,Zohaib,Z.Lauters@deliver.co.uk
Baskow,Kiegan,K.Baskow@karoo.mail
Storrs,Kayam,K.Storrs@deliver.net
Siefkes,Jason,J.Siefkes@yahoo.net
Koener,Kashif,K.Koener@mailsevre.net
Moffet,Wallace,W.Moffet@hotmail.co.uk
Lewellyn,Aarron,A.Lewellyn@aol.org
Iafrate,Adam,A.Iafrate@mail.net
Masell,Abdurraheem,A.Masell@sky.net
Muchmore,Alisdair,A.Muchmore@mailsevre.net
Santwire,Chu,C.Santwire@yahoo.com
Crelia,Meko,M.Crelia@mail.co.uk
Scarpato,Saunders,S.Scarpato@deliver.mail
Bardos,Torsten,T.Bardos@msn.org
Tussey,Izaak,I.Tussey@gmail.com
Gilson,Sami,S.Gilson@sky.mail
Sznejkowski,Abdulkarem,A.Sznejkowski@hotmail.mail
Wassink,Judah,J.Wassink@email.org
Villasenor,Tieran,T.Villasenor@email.org
Sanon,Vincent,V.Sanon@yahoo.mail
Garbett,Sean-Paul,S.Garbett@deliver.org
Elwick,Raul,R.Elwick@mail.net
Pleasanton,Ubaid,U.Pleasanton@deliver.com
Dalzen,Keegan,K.Dalzen@msn.mail
Raspberry,Evann,E.Raspberry@aol.com
Morikawa,Shyam,S.Morikawa@karoo.co.uk
Staubin,Esteban,E.Staubin@email.com
Yeropoli,Sweyn,S.Yeropoli@deliver.mail
Foree,Zhi,Z.Foree@deliver.org
Belezos,Taiwo,T.Belezos@mailsevre.com
Feurtado,Idahosa,I.Feurtado@yahoo.com
Robinso,Ricco,R.Robinso@aol.org
Margiotta,Abdulmalik,A.Margiotta@mail.org
Plenskofski,Vincent,V.Plenskofski@aol.org
Keeton,Josiah,J.Keeton@mail.mail
Stash,Lenyn,L.Stash@mail.mail
Colbeck,Rajan,R.Colbeck@gmail.co.uk
Schey,Spondon,S.Schey@gmail.mail
Rhame,Brendon,B.Rhame@gmail.co.uk
Rozzelle,Harvie,H.Rozzelle@mailsevre.com
Bourbon,Kalen,K.Bourbon@mailsevre.mail
Delacerda,Eoghan,E.Delacerda@aol.co.uk
Rouw,Drakeo,D.Rouw@hotmail.org
Couvertier,Marius,M.Couvertier@aol.net
Rovell,Edison,E.Rovell@gmail.mail
Tischler,Ahmed,A.Tischler@mailsevre.net
Canonica,Sayad,S.Canonica@mail.org
Bedaw,Aidan,A.Bedaw@mail.com
Vieyra,Matthew-William,M.Vieyra@gmail.co.uk
Asbury,Micheal,M.Asbury@mailsevre.mail
Laurila,Kobe,K.Laurila@karoo.org
Stilner,Dylin,D.Stilner@mail.com
Thiessen,Clark,C.Thiessen@karoo.org
Makarewicz,Kory,K.Makarewicz@yahoo.com
Sydow,Stephenjunior,S.Sydow@gmail.co.uk
Molina,Nathan-Rae,N.Molina@msn.net
Moniak,Xabier,X.Moniak@mail.org
Shaline,Tanner,T.Shaline@mail.com
Popi,Zeeshan,Z.Popi@sky.co.uk
Mccullen,Blazey,B.Mccullen@gmail.mail
Deacetis,Lorenz,L.Deacetis@mail.mail
Mccurren,Conlly,C.Mccurren@sky.co.uk
Lautt,Puneetpaul,P.Lautt@sky.com
Sleek,Dakota,D.Sleek@aol.mail
Esther,Nate,N.Esther@gmail.mail
Orellano,Bharath,B.Orellano@msn.mail
Lusher,Frazer,F.Lusher@deliver.org
Boies,Robertjohn,R.Boies@sky.net
Bentley,Aaryan,A.Bentley@yahoo.mail
Balick,Jacky,J.Balick@yahoo.co.uk
Kinderman,Deagan,D.Kinderman@hotmail.com
Jefcoat,Kasim,K.Jefcoat@aol.org
Rodiquez,Mika,M.Rodiquez@hotmail.mail
Dunmire,Tobias,T.Dunmire@yahoo.com
Gislason,Michat,M.Gislason@msn.co.uk
Kitzrow,Tyrone,T.Kitzrow@msn.net
Erlich,Norrie,N.Erlich@hotmail.mail
Blocklinger,Daithi,D.Blocklinger@deliver.mail
Macintyre,Josef,J.Macintyre@karoo.co.uk
Brinson,Cruiz,C.Brinson@mailsevre.com
Bourek,Diego,D.Bourek@deliver.org
Rella,Lucien,L.Rella@sky.com
Simcox,Aref,A.Simcox@mail.co.uk
Buckendorf,Travis,T.Buckendorf@email.org
Wittel,Enrique,E.Wittel@deliver.net
Joehnck,Ivar,I.Joehnck@karoo.org
Turybury,Cullen,C.Turybury@msn.net
Laba,Rayane,R.Laba@email.com
Bruchman,Dilano,D.Bruchman@yahoo.com
Calvert,Shenuk,S.Calvert@email.net
Deshong,Tyler,T.Deshong@hotmail.com
Mathys,Harjyot,H.Mathys@mail.net
Maffucci,Theodore,T.Maffucci@karoo.net
Kawasaki,Samy,S.Kawasaki@mailsevre.net
Tichnell,Dougal,D.Tichnell@sky.org
Flaig,Orlando,O.Flaig@mail.com
Brauer,Kriss,K.Brauer@aol.mail
Seiler,Peni,P.Seiler@karoo.com
Hadian,Bracken,B.Hadian@sky.org
Illar,Gurardass,G.Illar@email.org
Leehan,Nicolae,N.Leehan@aol.org
Groff,Carrich,C.Groff@mail.co.uk
Pevey,Jazeb,J.Pevey@msn.mail
Harpel,Jayden-Paul,J.Harpel@msn.org
Filteau,Walid,W.Filteau@gmail.com
Callison,Stewarty,S.Callison@deliver.net
Littlejohn,Enzo,E.Littlejohn@karoo.co.uk
Gularte,Atli,A.Gularte@aol.org
Graig,Yadgor,Y.Graig@email.org
Levites,Ardeshir,A.Levites@mail.mail
Tujague,Zayn,Z.Tujague@yahoo.co.uk
Kleimola,Kian-James,K.Kleimola@deliver.mail
Sanpedro,Aazaan,A.Sanpedro@aol.org
Kodera,Tyson,T.Kodera@karoo.net
Tortorice,Immanuel,I.Tortorice@hotmail.com
Robilotto,Fearghus,F.Robilotto@gmail.org
Deback,Rafferty,R.Deback@sky.org
Keyna,Raza,R.Keyna@email.co.uk
Elhadi,Zacharius,Z.Elhadi@hotmail.com
Ridgle,Jensen,J.Ridgle@msn.mail
Mcroberts,Kashif,K.Mcroberts@sky.co.uk
Tarski,Regean,R.Tarski@hotmail.org
Mattocks,Glen,G.Mattocks@mail.com
Araujo,Maximilian,M.Araujo@yahoo.org
Blacher,Kiaran,K.Blacher@yahoo.net
Barrocas,Ernie-Jacks,E.Barrocas@sky.com
Badanguio,Zhuo,Z.Badanguio@aol.org
Startin,Darren,D.Startin@gmail.org
Bober,Anthony-John,A.Bober@karoo.co.uk
Sedano,Kirwin,K.Sedano@mail.org
Pulwer,Asrar,A.Pulwer@gmail.com
Bresette,Shae,S.Bresette@aol.org
Seman,Karimas,K.Seman@hotmail.co.uk
Gardy,Madison,M.Gardy@email.co.uk
Beecham,Kenan,K.Beecham@msn.mail
Mccartin,Klevis,K.Mccartin@mailsevre.co.uk
Laasaga,Cormack,C.Laasaga@hotmail.mail
Derosa,Ty,T.Derosa@deliver.org
Slovacek,Norman,N.Slovacek@email.mail
Kusumoto,Girijan,G.Kusumoto@gmail.com
Segroves,Lochlann,L.Segroves@mail.co.uk
Cristelli,Milos,M.Cristelli@yahoo.org
Calcaterra,Caolan,C.Calcaterra@yahoo.co.uk
Dorn,Ross,R.Dorn@gmail.com
Lukens,Kasper,K.Lukens@mailsevre.mail
Spehar,Creag,C.Spehar@karoo.mail
Reick,Kenzie,K.Reick@karoo.org
Nussbaum,Yuanyu,Y.Nussbaum@deliver.net
Niccoli,Braeden,B.Niccoli@hotmail.mail
Suero,Cody,C.Suero@yahoo.mail
Boulter,Kori,K.Boulter@gmail.com
Romey,Kallan,K.Romey@msn.com
Swarts,Ronnie,R.Swarts@karoo.mail
Safer,Abhinav,A.Safer@msn.org
Dobias,Rogan,R.Dobias@mailsevre.net
Galiano,Kenan,K.Galiano@deliver.com
Hoffis,Jubin,J.Hoffis@mailsevre.com
Reekers,Sohaib,S.Reekers@msn.co.uk
Heinemeyer,Regan,R.Heinemeyer@deliver.co.uk
Hoffeditz,Farhan,F.Hoffeditz@yahoo.co.uk
Durnin,Franko,F.Durnin@mail.mail
Mannon,Rice,R.Mannon@email.net
Senatore,Karol,K.Senatore@deliver.com
Mihelich,Jordan,J.Mihelich@sky.org
Rotelli,Michal,M.Rotelli@mail.co.uk
Sydnor,Charles,C.Sydnor@msn.mail
Lisle,Artur,A.Lisle@mailsevre.mail
Dingle,Alyas,A.Dingle@yahoo.mail
Planty,Gregor,G.Planty@karoo.mail
Shemanski,Yasin,Y.Shemanski@mailsevre.net
Maston,Zohair,Z.Maston@msn.co.uk
Casebolt,Daegan,D.Casebolt@deliver.mail
Felicano,Connan,C.Felicano@sky.net
Piatak,Sam,S.Piatak@msn.com
Binam,Norman,N.Binam@msn.org
Deherrera,Tomson,T.Deherrera@karoo.net
Goodard,Rylie,R.Goodard@msn.co.uk
Bisges,Khevien,K.Bisges@deliver.net
Biez,Alessandro,A.Biez@mail.mail
Tietz,Ami,A.Tietz@gmail.co.uk
Grunau,Momooreoluwa,M.Grunau@mail.com
Lofaso,James-Paul,J.Lofaso@aol.mail
Angelini,Fiachra,F.Angelini@gmail.com
Oyster,Benoit,B.Oyster@karoo.net
Mesecher,Kenton,K.Mesecher@gmail.co.uk
Szwarc,Kaileb,K.Szwarc@gmail.net
Knous,Oliver,O.Knous@mail.net
Carrigg,Johnnie,J.Carrigg@yahoo.com
Stubbins,Abdurraheem,A.Stubbins@yahoo.org
Deskin,Harjyot,H.Deskin@aol.mail
Nading,Kaid,K.Nading@aol.net
Oropeza,Marvin,M.Oropeza@yahoo.mail
Noller,Angelo,A.Noller@msn.co.uk
Colagiovanni,Kian,K.Colagiovanni@karoo.mail
Stinebuck,Yakup,Y.Stinebuck@sky.mail
Schaub,Kieran-Scott,K.Schaub@mail.org
Constantine,Sean-Ray,S.Constantine@aol.net
Abramov,Shawnpaul,S.Abramov@karoo.co.uk
Galeas,Zakaria,Z.Galeas@mail.co.uk
Finnigan,Aryian,A.Finnigan@hotmail.mail
Mingioni,Nadeem,N.Mingioni@hotmail.com
Cullison,Rihan,R.Cullison@gmail.co.uk
Mentzer,Deecan,D.Mentzer@mail.co.uk
Sposato,Isher,I.Sposato@yahoo.com
Sarff,Maximilian,M.Sarff@mailsevre.mail
Jamie,Jian,J.Jamie@email.net
Niebel,Arafat,A.Niebel@hotmail.com
Struckman,Akan,A.Struckman@mailsevre.net
Theriot,Odhran,O.Theriot@aol.com
Lucarelli,Mahmoud,M.Lucarelli@msn.co.uk
Addair,Tanay,T.Addair@hotmail.net
Davari,Cain,C.Davari@karoo.mail
Sussex,Lennox,L.Sussex@mailsevre.net
Lillywhite,Deon,D.Lillywhite@karoo.com
Risby,Creag,C.Risby@karoo.com
Roesner,McKade,M.Roesner@sky.org
Pinela,Suheyb,S.Pinela@msn.com
Dillis,Ahmed,A.Dillis@sky.com
Fuse,Chase,C.Fuse@deliver.org
Holtham,Conal,C.Holtham@mailsevre.org
Poletti,Cael,C.Poletti@msn.co.uk
Jannett,Tyra,T.Jannett@aol.net
Goettig,Ambanimoh,A.Goettig@msn.co.uk
Cuzco,Crawford,C.Cuzco@mailsevre.co.uk
Karns,Kacper,K.Karns@hotmail.co.uk
Selmer,Dane,D.Selmer@mail.mail
Barsotti,Jayse,J.Barsotti@msn.co.uk
Kniceley,Seth,S.Kniceley@deliver.org
Ohaver,William,W.Ohaver@karoo.org
Grulkey,Casper,C.Grulkey@yahoo.net
Ngoun,Orson,O.Ngoun@deliver.com
Pence,Daegan,D.Pence@email.com
Mauss,Jevan,J.Mauss@hotmail.mail
Conchas,Deagan,D.Conchas@mail.org
Langmyer,Jeremy,J.Langmyer@aol.mail
Moury,Thom,T.Moury@yahoo.org
Garmoe,Ridley,R.Garmoe@mail.co.uk
Shahim,Ahmed,A.Shahim@email.co.uk
Guenette,Didier,D.Guenette@mail.com
Kervin,Joseph,J.Kervin@yahoo.mail
Lares,Dalton,D.Lares@deliver.com
Sant,Rowan,R.Sant@msn.co.uk
Flatter,Wabuya,W.Flatter@yahoo.mail
Weigl,Caelen,C.Weigl@yahoo.net
Mckeane,Eiddon,E.Mckeane@gmail.mail
Mcfarlane,Nikodem,N.Mcfarlane@aol.org
Kraynak,Rohaan,R.Kraynak@mailsevre.mail
Mcphatter,Leylann,L.Mcphatter@hotmail.com
Fodera,Hussain,H.Fodera@sky.co.uk
Chaskey,Brodi,B.Chaskey@mail.org
Kaib,Dawid,D.Kaib@email.mail
Vandiver,Ashton,A.Vandiver@msn.com
Cavalero,Uzayr,U.Cavalero@sky.com
Mruczek,Dillan,D.Mruczek@aol.net
Wince,Coll,C.Wince@sky.mail
Ercek,Joeddy,J.Ercek@deliver.net
Waack,Armaan,A.Waack@mailsevre.org
Perret,Pedram,P.Perret@mailsevre.org
Miyamoto,Gian,G.Miyamoto@karoo.co.uk
Salotti,Hussnan,H.Salotti@mailsevre.co.uk
Laware,Gene,G.Laware@deliver.net
Buden,Seth,S.Buden@karoo.com
Conran,Moray,M.Conran@karoo.mail
Mouw,Oluwalayomi,O.Mouw@aol.mail
Kennamore,Darren,D.Kennamore@email.mail
Kuszynski,Pranav,P.Kuszynski@sky.co.uk
Hartsch,Alistair,A.Hartsch@sky.co.uk
Spears,Tee-jay,T.Spears@hotmail.org
Mcquaide,Bob,B.Mcquaide@sky.mail
Raglin,Caidan,C.Raglin@mailsevre.com
Peplinski,Leigh,L.Peplinski@karoo.mail
Goglia,Machlan,M.Goglia@deliver.mail
Caprice,Jock,J.Caprice@gmail.org
Langevin,Ramsay,R.Langevin@gmail.net
Stauch,Finnley,F.Stauch@aol.com
Gennarelli,Bohbi,B.Gennarelli@yahoo.co.uk
Paterno,Santiago,S.Paterno@msn.org
Farrall,Erencem,E.Farrall@aol.co.uk
Pebsworth,Ruadhan,R.Pebsworth@yahoo.mail
Hektner,Kameron,K.Hektner@hotmail.net
Dipolito,Mathuyan,M.Dipolito@yahoo.co.uk
Baj,Juan,J.Baj@hotmail.mail
Dinapoli,Nawfal,N.Dinapoli@hotmail.co.uk
Tibbert,Kaidan,K.Tibbert@deliver.org
Inzunza,Azzedine,A.Inzunza@msn.org
Faigin,Eric,E.Faigin@mailsevre.mail
Desforges,Kyren,K.Desforges@gmail.net
Miotke,Aaron,A.Miotke@karoo.co.uk
Festerman,Kaylem,K.Festerman@gmail.net
Allmon,Renars,R.Allmon@aol.com
Schamp,Kenzeigh,K.Schamp@aol.org
Evenson,Shawnpaul,S.Evenson@karoo.com
Bekins,Logan,L.Bekins@sky.co.uk
Cranshaw,Kyde,K.Cranshaw@sky.mail
Beerman,Edwin,E.Beerman@yahoo.org
Nock,Harikrishna,H.Nock@aol.co.uk
Gorrell,Nathanael,N.Gorrell@yahoo.co.uk
Ogutu,Awais,A.Ogutu@sky.net
Tamborlane,Blue,B.Tamborlane@mail.net
Belair,AJ,A.Belair@sky.co.uk
Cotto,Matas,M.Cotto@mailsevre.mail
Lindstrom,Aryan,A.Lindstrom@yahoo.net
Banyas,Tubagus,T.Banyas@mailsevre.net
Napp,Prithvi,P.Napp@mailsevre.org
Gibbs,Alber,A.Gibbs@aol.org
Sailer,Adie,A.Sailer@sky.mail
Betters,Saim,S.Betters@karoo.com
Summerhill,Orran,O.Summerhill@gmail.com
Rotherham,Ricky,R.Rotherham@msn.mail
Sadowski,Coll,C.Sadowski@mail.co.uk
Lyng,Hadyn,H.Lyng@msn.net
Lagoni,Ryaan,R.Lagoni@hotmail.com
Mcgurl,Eadie,E.Mcgurl@karoo.com
Scullion,Zaak,Z.Scullion@mailsevre.com
Cabell,Marshall,M.Cabell@email.net
Petrson,Ayyub,A.Petrson@gmail.co.uk
Boger,Kyhran,K.Boger@email.mail
Kraskouskas,Koddi,K.Kraskouskas@mailsevre.com
Ginder,Yasir,Y.Ginder@hotmail.co.uk
Perlow,Riyaj,R.Perlow@sky.co.uk
Sokolowski,Derry,D.Sokolowski@sky.org
Gianandrea,Ronnie,R.Gianandrea@aol.net
Desiderio,Baye,B.Desiderio@gmail.com
Fiala,Adegbolahan,A.Fiala@mailsevre.org
Lukach,Afonso,A.Lukach@mailsevre.mail
Tarro,Callahan,C.Tarro@mail.com
Palino,Dorian,D.Palino@mail.mail
Wearing,Chang-Ha,C.Wearing@sky.co.uk
Cragar,Mohd,M.Cragar@gmail.org
Nanni,Deniss,D.Nanni@email.co.uk
Gradert,Caidan,C.Gradert@mailsevre.co.uk
Pinkton,Kane,K.Pinkton@gmail.co.uk
Holton,Laison,L.Holton@gmail.net
Conney,Kiefer,K.Conney@msn.net
Narrow,Jarell,J.Narrow@gmail.com
Burgener,Heddle,H.Burgener@gmail.com
Newball,Kenzo,K.Newball@email.net
Colace,Brooke,B.Colace@deliver.co.uk
Bailor,Geordie,G.Bailor@mailsevre.net
Mapps,Dev,D.Mapps@msn.com
Kimler,Haider,H.Kimler@karoo.co.uk
Goldhammer,Robert,R.Goldhammer@yahoo.net
Gilbert,Carrick,C.Gilbert@deliver.com
Hail,Urban,U.Hail@yahoo.mail
Glaviano,Kyren,K.Glaviano@mail.com
Mcatee,Crawford,C.Mcatee@yahoo.co.uk
Salmans,Kym,K.Salmans@mailsevre.mail
Willington,Mael,M.Willington@yahoo.co.uk
Bruton,Owen,O.Bruton@mailsevre.net
Wittstock,Jaz,J.Wittstock@mail.mail
Herwehe,Duriel,D.Herwehe@aol.mail
Hallisey,Lucas,L.Hallisey@gmail.com
Denison,Mackie,M.Denison@karoo.mail
Mailey,Cale,C.Mailey@mailsevre.co.uk
Dotto,Caine,C.Dotto@mailsevre.net
Cravey,Fares,F.Cravey@mail.net
Bettin,Ismaeel,I.Bettin@hotmail.net
Handsome,Howard,H.Handsome@email.mail
Taormina,Syed,S.Taormina@deliver.co.uk
Weisser,Bryan,B.Weisser@gmail.com
Oyervides,Keison,K.Oyervides@mailsevre.co.uk
Ducker,Bharath,B.Ducker@deliver.mail
Cheathan,Finnley,F.Cheathan@sky.mail
Steinharter,Trai,T.Steinharter@mail.com
Munshi,Kylar,K.Munshi@email.mail
Maciak,Dillon,D.Maciak@mail.mail
Ontko,Kamran,K.Ontko@yahoo.net
Hoadley,Eesa,E.Hoadley@aol.com
Fanucchi,James,J.Fanucchi@yahoo.net
Rella,Esteban,E.Rella@karoo.mail
Moree,Bertie,B.Moree@sky.com
Torn,Cael,C.Torn@hotmail.mail
Earl,Nevan,N.Earl@mail.co.uk
Djuric,Valery,V.Djuric@mailsevre.co.uk
Seering,Regan,R.Seering@mail.net
Arie,Broghan,B.Arie@mailsevre.mail
Biddleman,Idris,I.Biddleman@sky.org
Sockalosky,Zakir,Z.Sockalosky@msn.co.uk
Burkhard,Yoji,Y.Burkhard@msn.org
Shewmake,Naif,N.Shewmake@gmail.org
Kuban,Brett,B.Kuban@karoo.net
Ochal,Stewart,S.Ochal@gmail.co.uk
Skutt,Nickson,N.Skutt@gmail.mail
Niven,Nidhish,N.Niven@email.org
Mcandrews,Lucca,L.Mcandrews@email.org
Mundell,Lloyd,L.Mundell@yahoo.co.uk
Hensle,Francis,F.Hensle@aol.co.uk
Mulcahy,Cephas,C.Mulcahy@mailsevre.com
Swader,Cassy,C.Swader@aol.mail
Riches,Seb,S.Riches@aol.com
Manora,Coban,C.Manora@mailsevre.com
Calverley,George,G.Calverley@mail.org
Baskerville,Sayf,S.Baskerville@gmail.com
Roca,Immanuel,I.Roca@gmail.mail
Aspden,Bradlie,B.Aspden@msn.co.uk
Munsell,Leno,L.Munsell@mail.net
Caswell,Peirce,P.Caswell@hotmail.org
Kittredge,Alexx,A.Kittredge@mail.net
Illig,Puneetpaul,P.Illig@email.org
Ardelean,Zechariah,Z.Ardelean@yahoo.com
Pierannunzio,Saunders,S.Pierannunzio@aol.net
Golia,Gil,G.Golia@msn.org
Furtado,Gregor,G.Furtado@gmail.net
Mammoccio,Syed,S.Mammoccio@mailsevre.mail
Larmer,Tyler-James,T.Larmer@email.co.uk
Felps,Chibudom,C.Felps@email.com
Butzen,Blue,B.Butzen@deliver.mail
Kubiszewski,Jaydon,J.Kubiszewski@gmail.com
Addie,Desmond,D.Addie@mailsevre.net
Helmus,Torquil,T.Helmus@msn.net
Hodgens,Luqman,L.Hodgens@yahoo.com
Crupe,Believe,B.Crupe@yahoo.org
Dashnaw,Xin,X.Dashnaw@email.com
Alexion,Pele,P.Alexion@deliver.org
Trask,Christian,C.Trask@mail.co.uk
Medus,Garrett,G.Medus@email.mail
Librandi,Ritchie,R.Librandi@mailsevre.co.uk
Fiorica,Reggie,R.Fiorica@mailsevre.org
Nakada,Ciar,C.Nakada@email.net
Babbitt,Sayf,S.Babbitt@gmail.com
Wiget,D'arcy,D.Wiget@deliver.org
Longley,Quinn,Q.Longley@hotmail.co.uk
Loge,Ayman,A.Loge@gmail.com
Fesh,Austin,A.Fesh@aol.com
Oberst,Dyllan,D.Oberst@mailsevre.co.uk
Lemmonds,Sonni,S.Lemmonds@aol.org
Henze,Finnlay,F.Henze@sky.mail
Rynerson,Arved,A.Rynerson@sky.com
Harsch,Maitlind,M.Harsch@aol.co.uk
Maupredi,Jayhan,J.Maupredi@msn.net
Saltsman,Forgan,F.Saltsman@deliver.com
Tuggerson,Harikrishna,H.Tuggerson@msn.org
Allgier,Tymom,T.Allgier@hotmail.net
Fereira,Jaidyn,J.Fereira@sky.com
Alepin,Gio,G.Alepin@yahoo.com
Gaarder,Connar,C.Gaarder@sky.org
Nedeau,Roen,R.Nedeau@deliver.net
Steindorf,Sam,S.Steindorf@sky.com
Wissing,Robi,R.Wissing@mailsevre.com
Callas,Alvin,A.Callas@sky.com
Beaupre,Tibet,T.Beaupre@deliver.mail
Bisher,Oisin,O.Bisher@deliver.mail
Carry,Brydon-Craig,B.Carry@msn.co.uk
Genta,Bowen,B.Genta@karoo.org
Stromme,Ed,E.Stromme@mailsevre.com
Matot,Malachai,M.Matot@mail.com
Knows,Ritchie,R.Knows@deliver.org
Sinkler,Etinosa,E.Sinkler@email.mail
Storrs,Billy,B.Storrs@yahoo.co.uk
Ianniello,Maros,M.Ianniello@karoo.mail
Ballweg,Skye,S.Ballweg@sky.net
Lebel,Deecan,D.Lebel@gmail.mail
Hagemeyer,Ambanimoh,A.Hagemeyer@msn.mail
Langi,Honey,H.Langi@karoo.org
Downer,Mackenzie,M.Downer@msn.co.uk
Wetherby,Eadie,E.Wetherby@yahoo.mail
Dais,Grayson,G.Dais@msn.com
Adamitis,Andrei,A.Adamitis@yahoo.co.uk
Veliz,Malo,M.Veliz@hotmail.net
Calixtro,Yusef,Y.Calixtro@mail.co.uk
Vanson,T-Jay,T.Vanson@yahoo.net
Arrington,Bharath,B.Arrington@sky.org
Phomphithak,Nicki,N.Phomphithak@yahoo.net
Flemings,Atom,A.Flemings@email.net
Rundell,Mueez,M.Rundell@sky.com
Vaden,Milos,M.Vaden@gmail.co.uk
Turnley,Artem,A.Turnley@gmail.mail
Gransberry,Ossian,O.Gransberry@msn.co.uk
Wilging,Brynmor,B.Wilging@msn.com
Cudworth,Favour,F.Cudworth@deliver.com
Troyano,Sonni,S.Troyano@sky.co.uk
Tretter,Finnan,F.Tretter@email.mail
Pickerill,Elliott,E.Pickerill@email.org
Kodadek,Keane,K.Kodadek@msn.co.uk
Boehnke,Richie,R.Boehnke@gmail.mail
Dimpson,Leyland,L.Dimpson@yahoo.mail
Irzyk,Stephen,S.Irzyk@gmail.com
Roder,Tayo,T.Roder@mailsevre.org
Toudle,Jad,J.Toudle@aol.com
Conejo,Kian,K.Conejo@karoo.org
Chough,Amos,A.Chough@yahoo.com
Shawler,Sami-Ullah,S.Shawler@deliver.org
Sugiki,Ashton,A.Sugiki@email.co.uk
Kosmowski,Saif,S.Kosmowski@gmail.co.uk
Russnak,Kiern,K.Russnak@gmail.com
Lie,Reice,R.Lie@hotmail.net
Roszell,Kadyn,K.Roszell@sky.com
Forbus,Dan,D.Forbus@hotmail.org
Hollmann,Dimitri,D.Hollmann@deliver.com
Juel,Arman,A.Juel@yahoo.org
Bonneau,Gregory,G.Bonneau@aol.net
Weatherly,Caelen,C.Weatherly@email.com
Mcmina,Thiago,T.Mcmina@msn.net
Pataki,Grahame,G.Pataki@hotmail.co.uk
Willers,Guerin,G.Willers@msn.co.uk
Galabeas,Peter,P.Galabeas@yahoo.net
Algood,Hussan,H.Algood@email.com
Bathrick,Meshach,M.Bathrick@gmail.net
Horio,Dolan,D.Horio@email.com
Leppla,Isa,I.Leppla@gmail.org
Luffy,Joel,J.Luffy@karoo.co.uk
Wichmann,Jayhan,J.Wichmann@gmail.com
Don,Iain,I.Don@aol.com
Seliga,Roshan,R.Seliga@aol.co.uk
Desort,Majid,M.Desort@mail.org
Conniff,Promise,P.Conniff@hotmail.mail
Balent,Lasse,L.Balent@aol.co.uk
Kabacinski,Tamiem,T.Kabacinski@gmail.org
Lynaugh,Michat,M.Lynaugh@deliver.mail
Frankenreiter,Ralfs,R.Frankenreiter@mail.org
Lytal,Vinh,V.Lytal@email.net
Klingler,Robbie,R.Klingler@gmail.org
Angelle,Lenin,L.Angelle@email.mail
Ruthenberg,Dillon,D.Ruthenberg@karoo.net
Keyt,Kendall,K.Keyt@msn.co.uk
Donawa,Johnpaul,J.Donawa@mailsevre.co.uk
Malehorn,Marvellous,M.Malehorn@sky.com
Balkey,Issiaka,I.Balkey@hotmail.org
Wimbs,Athol,A.Wimbs@hotmail.co.uk
Selusi,Gordon,G.Selusi@karoo.co.uk
Pizzi,Maciej,M.Pizzi@karoo.mail
Wisbey,Yusef,Y.Wisbey@deliver.co.uk
Duong,Zubayr,Z.Duong@karoo.net
Javellana,Didier,D.Javellana@msn.com
Gunzelman,Luis,L.Gunzelman@hotmail.mail
Flemm,Peiyan,P.Flemm@sky.org
Maison,Jole,J.Maison@email.net
Ferdico,Cillin,C.Ferdico@email.com
Blough,Aziz,A.Blough@mail.net
Braun,Parker,P.Braun@msn.org
Surina,Davy,D.Surina@gmail.com
Bakeley,Derron,D.Bakeley@hotmail.net
Sabbatini,Torsten,T.Sabbatini@gmail.com
Fenner,Makensie,M.Fenner@email.mail
Bloch,Raunaq,R.Bloch@msn.org
Benzi,Azaan,A.Benzi@email.com
Arizola,Dyllan,D.Arizola@mail.co.uk
Metzgar,Nidhish,N.Metzgar@email.net
Ellerbeck,Kane,K.Ellerbeck@email.com
Strobeck,Kaison,K.Strobeck@mailsevre.co.uk
Kesner,Connell,C.Kesner@gmail.co.uk
Goldbach,Remigiusz,R.Goldbach@deliver.org
Clementi,Oluwadamiloju,O.Clementi@sky.co.uk
Kawaiaea,Shaarvin,S.Kawaiaea@sky.net
Fenger,Saad,S.Fenger@hotmail.net
Megna,Munir,M.Megna@hotmail.com
Whitmarsh,D'arcy,D.Whitmarsh@email.net
Pilcher,Taylor-Jay,T.Pilcher@hotmail.org
Desormeaux,Adegbola,A.Desormeaux@hotmail.mail
Dannis,Luqman,L.Dannis@mail.co.uk
Lagore,Cullin,C.Lagore@yahoo.mail
Crowther,Majid,M.Crowther@yahoo.co.uk
Zoellner,Callan-Adam,C.Zoellner@deliver.com
Krygier,Robby,R.Krygier@mail.net
Calandra,Sanaullah,S.Calandra@karoo.com
Stolpe,Ajay,A.Stolpe@deliver.co.uk
Nowlen,Tyson,T.Nowlen@yahoo.org
Shoaf,Mayson,M.Shoaf@mailsevre.net
Bylsma,Rayan,R.Bylsma@aol.co.uk
Lorino,Connell,C.Lorino@gmail.co.uk
Blenden,Keeman,K.Blenden@deliver.org
Cheong,Ambanimoh,A.Cheong@yahoo.org
Gilmer,Diarmaid,D.Gilmer@mail.co.uk
Donner,Lucian,L.Donner@karoo.org
Krinov,Taliesin,T.Krinov@aol.co.uk
Livasy,Oluwalayomi,O.Livasy@mailsevre.co.uk
Mikler,Aslam,A.Mikler@gmail.net
Margotta,Ethan,E.Margotta@aol.mail
Xander,Andrea,A.Xander@hotmail.co.uk
Eble,Corey-Jay,C.Eble@yahoo.org
Spengler,Murrough,M.Spengler@yahoo.org
Wallenstein,Conar,C.Wallenstein@karoo.org
Hirz,Regan,R.Hirz@gmail.net
Abend,Loukas,L.Abend@deliver.co.uk
Vonderahe,Jardine,J.Vonderahe@email.com
Cerrato,Harlee,H.Cerrato@gmail.com
Baumgarner,Rihonn,R.Baumgarner@karoo.com
Moghadam,Alexzander,A.Moghadam@aol.co.uk
Schroot,Luka,L.Schroot@karoo.mail
Naegele,Al-Hassan,A.Naegele@karoo.co.uk
Pagnello,Harry,H.Pagnello@msn.net
Kecskes,Leiten,L.Kecskes@email.co.uk
Eichenberg,Masood,M.Eichenberg@karoo.mail
Friedrick,Alex,A.Friedrick@karoo.org
Spratling,Averon,A.Spratling@sky.com
Spellman,Daniel-James,D.Spellman@gmail.co.uk
Matuszek,Lucas,L.Matuszek@gmail.co.uk
Delle,Xue,X.Delle@mail.mail
Belke,Kellen,K.Belke@karoo.net
Bisher,Arafat,A.Bisher@mailsevre.org
Thorngren,Aazaan,A.Thorngren@email.mail
Norr,Henry,H.Norr@email.net
Connaughton,Uzayr,U.Connaughton@email.org
Manza,Dagon,D.Manza@sky.org
Laliotis,Victory,V.Laliotis@aol.mail
Robinault,Keith,K.Robinault@yahoo.co.uk
Victorica,Jura,J.Victorica@deliver.net
Nikodem,Morgyn,M.Nikodem@karoo.net
Lyerly,Aditya,A.Lyerly@aol.mail
Gearn,Tyree,T.Gearn@mail.com
Ostlund,Arran,A.Ostlund@aol.co.uk
Xayavong,Ceejay,C.Xayavong@msn.mail
Yoshizumi,Yago,Y.Yoshizumi@aol.com
Stoebner,Norman,N.Stoebner@mail.co.uk
Stanback,Maddox,M.Stanback@hotmail.com
Ocanas,Cassy,C.Ocanas@yahoo.org
Masterson,Cobi,C.Masterson@email.org
Yaws,Nasser,N.Yaws@yahoo.org
Dottle,Aleksander,A.Dottle@yahoo.net
Gerrity,Steve,S.Gerrity@msn.net
Cava,Titus,T.Cava@deliver.net
Ivener,Daren,D.Ivener@email.mail
Fundenberger,Steven,S.Fundenberger@email.net
Valcho,Kiran,K.Valcho@sky.org
Wiebusch,Nikolai,N.Wiebusch@mail.net
Currey,Richie,R.Currey@gmail.co.uk
Stombaugh,Nayan,N.Stombaugh@gmail.mail
Maleck,Alf,A.Maleck@hotmail.mail
Geren,Declain,D.Geren@hotmail.net
Hinderliter,Jake,J.Hinderliter@hotmail.co.uk
Fioretti,Cal,C.Fioretti@aol.com
Prewitt,Ikemsinachukwu,I.Prewitt@mailsevre.net
Lestrange,Mohammed,M.Lestrange@mail.net
Crisman,Keivlin,K.Crisman@mailsevre.co.uk
Blasini,Kailin,K.Blasini@deliver.net
Gurne,Asrar,A.Gurne@aol.co.uk
Sporcic,Aidan,A.Sporcic@karoo.net
Lutman,Remo,R.Lutman@hotmail.org
Olenski,Gurthar,G.Olenski@sky.com
Massett,Oz,O.Massett@mailsevre.org
Bijan,Clarke,C.Bijan@msn.mail
Goergen,Jad,J.Goergen@deliver.net
Poage,Maximillian,M.Poage@mail.mail
Mulchrone,Fikret,F.Mulchrone@email.com
Tinklenberg,Xander,X.Tinklenberg@aol.net
Bascom,Yang,Y.Bascom@yahoo.net
Mersinger,Calum-James,C.Mersinger@email.mail
Ballena,Kellen,K.Ballena@deliver.co.uk
Vandivier,Gianluca,G.Vandivier@mail.com
Scanio,Hcen,H.Scanio@email.org
Dunkan,Kuba,K.Dunkan@email.mail
Cardinale,Cesar,C.Cardinale@gmail.co.uk
Hursey,Dominick,D.Hursey@yahoo.net
Kuty,Spondon,S.Kuty@karoo.com
Behunin,Kylar,K.Behunin@aol.com
Kratofil,Xiao,X.Kratofil@deliver.com
Tat,Eiddon,E.Tat@email.co.uk
Pila,Rihab,R.Pila@karoo.org
Axson,Rylie,R.Axson@karoo.org
Alfred,Declain,D.Alfred@mailsevre.org
Eurbin,Mael,M.Eurbin@karoo.net
Hogarty,Cambell,C.Hogarty@gmail.com
Wimberly,Kenzeigh,K.Wimberly@yahoo.co.uk
Buzo,Raheem,R.Buzo@email.co.uk
Shogren,Reis,R.Shogren@email.mail
Denardis,Manus,M.Denardis@mailsevre.net
Sylney,Mackenzy,M.Sylney@mailsevre.net
Kalgren,Terry,T.Kalgren@yahoo.net
Yacovone,Seonaidh,S.Yacovone@gmail.mail
Mazon,Zohaib,Z.Mazon@deliver.net
Kienast,Tobie,T.Kienast@msn.com
Ponter,Cillian,C.Ponter@karoo.co.uk
Tokihiro,Caedan,C.Tokihiro@mail.co.uk
Escuriex,Prinay,P.Escuriex@aol.net
Allgood,Rayden,R.Allgood@gmail.net
Mirick,Chris-Daniel,C.Mirick@mailsevre.com
Kalathas,Dyllan-James,D.Kalathas@aol.co.uk
Swanagan,Aryn,A.Swanagan@mail.mail
Ampy,Dilano,D.Ampy@karoo.co.uk
Guillemette,Jensyn,J.Guillemette@gmail.net
Eickhoff,Dylan-John,D.Eickhoff@deliver.co.uk
Duverney,Shea,S.Duverney@sky.co.uk
Osias,Deklain-Jaimes,D.Osias@gmail.net
Burget,Zijie,Z.Burget@yahoo.co.uk
Gelerter,Cory,C.Gelerter@mail.org
Winley,Ayren,A.Winley@karoo.mail
Kellogg,Sajjad,S.Kellogg@aol.mail
Henfling,Tanzeel,T.Henfling@aol.org
Sturgeon,Christopher-Lee,C.Sturgeon@sky.co.uk
Kahola,Enrique,E.Kahola@deliver.org
Rutland,Abdalroof,A.Rutland@mailsevre.net
Eadie,Tee-jay,T.Eadie@mail.com
Coulston,Badsha,B.Coulston@email.com
Reznick,Kailin,K.Reznick@mail.com
Topete,Tymon,T.Topete@gmail.org
Osburne,Kiaran,K.Osburne@gmail.net
Zody,Diesel,D.Zody@email.mail
Krakowsky,Reno,R.Krakowsky@gmail.com
Ibbetson,Bret,B.Ibbetson@mail.mail
Lance,Rehan,R.Lance@mailsevre.org
Carwell,Ceejay,C.Carwell@deliver.co.uk
Velaquez,Braeden,B.Velaquez@deliver.co.uk
Laduc,Gavin,G.Laduc@karoo.org
Kurshuk,Haydyn,H.Kurshuk@gmail.co.uk
Colgan,Samatar,S.Colgan@mailsevre.mail
Wyllie,Ramsay,R.Wyllie@sky.co.uk
Fili,Xavier,X.Fili@mail.org
Stillings,Orley,O.Stillings@mail.com
Hauersperger,Dmitri,D.Hauersperger@aol.org
Richberg,Kiya,K.Richberg@gmail.mail
Kolinsky,Koby,K.Kolinsky@karoo.com
Heath,Eoghain,E.Heath@sky.com
Dorais,Ikemsinachukwu,I.Dorais@deliver.net
Colondres,Lennan,L.Colondres@mailsevre.co.uk
Nicolia,Humza,H.Nicolia@email.mail
Jarmin,Colt,C.Jarmin@sky.net
Poeschl,Dominic,D.Poeschl@yahoo.co.uk
Callari,Jacki,J.Callari@sky.net
Amstrong,Philippos,P.Amstrong@sky.org
Gonyea,Isaac,I.Gonyea@hotmail.mail
Keltt,Montague,M.Keltt@msn.org
Vigneau,Aaryan,A.Vigneau@email.net
Rambo,Syed,S.Rambo@gmail.co.uk
Marinelli,Sebastien,S.Marinelli@karoo.co.uk
Bardeen,Mika,M.Bardeen@karoo.com
Dacanay,Elisau,E.Dacanay@gmail.mail
Vert,Carrick,C.Vert@mailsevre.org
Botha,Boyd,B.Botha@hotmail.co.uk
Hiley,Aidan,A.Hiley@sky.net
Stanley,Antony,A.Stanley@deliver.net
Gossom,Felix,F.Gossom@sky.co.uk
Medved,Brannan,B.Medved@hotmail.com
Gerth,Curtis,C.Gerth@karoo.net
Agricola,Tieran,T.Agricola@deliver.com
Schott,Killian,K.Schott@sky.net
Hals,Keigan,K.Hals@mail.org
Stowe,Loukas,L.Stowe@email.org
Gotcher,Mohamad,M.Gotcher@karoo.mail
Steitz,Nicolas,N.Steitz@deliver.mail
Snively,Marty,M.Snively@aol.net
Buscher,Jole,J.Buscher@yahoo.mail
Rombs,Ghyll,G.Rombs@aol.org
Eckels,Gregor,G.Eckels@email.co.uk
Maquis,Andrea,A.Maquis@msn.mail
Novas,Stanislaw,S.Novas@karoo.mail
Darlin,Kasra,K.Darlin@deliver.net
Silence,Haydn,H.Silence@deliver.co.uk
Colavito,Te-Jay,T.Colavito@msn.com
Gleeson,Nick,N.Gleeson@mailsevre.mail
Jernigan,Ruari,R.Jernigan@gmail.org
Hofhine,Jevan,J.Hofhine@msn.mail
Rebel,Babur,B.Rebel@karoo.net
Hayslett,Trent,T.Hayslett@aol.mail
Fedderly,Danar,D.Fedderly@mailsevre.net
Olsen,Jayden-Lee,J.Olsen@hotmail.co.uk
Manca,Titus,T.Manca@msn.co.uk
Berks,Ritchie,R.Berks@email.mail
Inguardsen,Jamie,J.Inguardsen@karoo.mail
Barnicle,Shreeram,S.Barnicle@mailsevre.net
Diss,Samual,S.Diss@email.net
Wojtanik,Abdul-Rehman,A.Wojtanik@email.co.uk
Pleil,Francisco,F.Pleil@gmail.com
Budde,Aiadan,A.Budde@aol.mail
Schauble,John-Paul,J.Schauble@email.org
Chirico,Tyree,T.Chirico@gmail.mail
Carow,Kurtis-Jae,K.Carow@karoo.mail
Mahala,Harikrishna,H.Mahala@gmail.org
Paap,Seamas,S.Paap@karoo.mail
Luiso,Eonan,E.Luiso@karoo.org
Alen,Anubhav,A.Alen@mail.net
Volentine,Shiloh,S.Volentine@deliver.co.uk
Dehm,Haydyn,H.Dehm@hotmail.org
Vanwye,Atapattu,A.Vanwye@mailsevre.co.uk
Vonschriltz,Zaid,Z.Vonschriltz@mailsevre.org
Naumann,Yousif,Y.Naumann@mail.co.uk
Kassim,Jean,J.Kassim@karoo.co.uk
Noens,Irvine,I.Noens@karoo.org
Bondurant,Hassanali,H.Bondurant@sky.com
Frankenberry,Ceirin,C.Frankenberry@email.co.uk
Sorice,Yuri,Y.Sorice@deliver.com
Grinage,Ewing,E.Grinage@sky.org
Fan,Asfhan,A.Fan@gmail.org
Riesenberg,Zaaine,Z.Riesenberg@email.com
Hazen,Eryk,E.Hazen@aol.org
Kasmarek,Jincheng,J.Kasmarek@deliver.net
Weatherwax,Kristopher,K.Weatherwax@sky.org
Moyet,Judah,J.Moyet@email.net
Zurawik,Efe,E.Zurawik@mailsevre.net
Dulmage,Kenan,K.Dulmage@email.com
Wuebker,Satveer,S.Wuebker@email.org
Maleonado,Stanislaw,S.Maleonado@mail.com
Krupiak,Jadyn,J.Krupiak@mail.mail
Turpiano,Kadyn,K.Turpiano@gmail.co.uk
Despres,Tyler-James,T.Despres@aol.net
Spoor,Tymom,T.Spoor@email.net
Boudrieau,Azlan,A.Boudrieau@mailsevre.org
Howson,Darrell,D.Howson@deliver.mail
Guziczek,Bruno,B.Guziczek@sky.org
Kourkoumellis,Chrismedi,C.Kourkoumellis@aol.com
Springsteen,Girijan,G.Springsteen@hotmail.com
Samora,Adam,A.Samora@gmail.org
Kubala,Charly,C.Kubala@karoo.co.uk
Goeken,Carwyn,C.Goeken@aol.com
Tobert,Ciaran,C.Tobert@sky.org
Genrich,Dhavid,D.Genrich@mail.co.uk
Nienhuis,Sharoz,S.Nienhuis@mailsevre.net
Younts,Corey,C.Younts@gmail.com
Pluym,Bhaaldeen,B.Pluym@email.org
Tennyson,Preston,P.Tennyson@hotmail.com
Enderle,Ammer,A.Enderle@email.co.uk
Shefte,Jordon,J.Shefte@sky.com
Tabora,Jeyun,J.Tabora@mail.co.uk
Redler,Remigiusz,R.Redler@deliver.org
Overdorf,Ronald,R.Overdorf@mailsevre.mail
Hoerr,Aristotelis,A.Hoerr@sky.co.uk
Fogleman,Iagan,I.Fogleman@mailsevre.co.uk
Dudley,Rhein,R.Dudley@yahoo.com
Crogier,Gurveer,G.Crogier@aol.co.uk
Gerundo,Jonson,J.Gerundo@karoo.com
Gruzinsky,Jadyn,J.Gruzinsky@gmail.org
Lisy,Loukas,L.Lisy@msn.mail
Hartvigsen,Gil,G.Hartvigsen@deliver.com
Delehoy,Avinash,A.Delehoy@mail.com
Lubbert,Munachi,M.Lubbert@email.org
Swagerty,Dylan-John,D.Swagerty@email.com
Galella,Kobi,K.Galella@hotmail.co.uk
Mignot,Jordi,J.Mignot@aol.com
Hiske,Hansen,H.Hiske@mailsevre.mail
Cruz,Zennon,Z.Cruz@deliver.net
Buglione,Motade,M.Buglione@gmail.mail
Woolems,Aronas,A.Woolems@email.com
Pini,Ziya,Z.Pini@deliver.net
Maheras,Ace,A.Maheras@msn.com
Lamery,Rhyon,R.Lamery@aol.mail
Lippeatt,Troy,T.Lippeatt@msn.mail
Busacker,Lyndsay,L.Busacker@mail.mail
Luiso,Nicholas,N.Luiso@email.org
Wendroth,Darius,D.Wendroth@msn.com
Kimbril,Anay,A.Kimbril@yahoo.co.uk
Muske,Zubair,Z.Muske@mail.net
Rizo,Lochlan,L.Rizo@mailsevre.co.uk
Boulay,Kailin,K.Boulay@sky.co.uk
Santoli,Prithvi,P.Santoli@yahoo.com
Hattaway,Tyrnan,T.Hattaway@deliver.co.uk
Horabik,Ayaan,A.Horabik@mailsevre.mail
Abruzzo,Cayden,C.Abruzzo@mail.co.uk
Ratulowski,Ayman,A.Ratulowski@mailsevre.org
Perricone,Zack,Z.Perricone@msn.org
Fanizzi,Nathan-Rae,N.Fanizzi@yahoo.org
Yucha,Dolan,D.Yucha@deliver.com
Dorval,Lewis,L.Dorval@deliver.com
Bowditch,Avinash,A.Bowditch@deliver.org
Frohwein,Phoenix,P.Frohwein@gmail.org
Kazanjian,Michael,M.Kazanjian@mailsevre.org
Vermeulen,Farren,F.Vermeulen@mail.mail
Tom,Alanas,A.Tom@mail.net
Hyche,Lukasz,L.Hyche@email.net
Schuerman,Dagon,D.Schuerman@karoo.com
Hanserd,Kameron,K.Hanserd@deliver.org
Hunckler,Johnny,J.Hunckler@aol.net
Folliard,Armen,A.Folliard@yahoo.mail
Chmura,Rocco,R.Chmura@hotmail.net
Braman,Kym,K.Braman@mailsevre.net
Natal,Oluwatoni,O.Natal@yahoo.co.uk
Thongdy,Xin,X.Thongdy@deliver.org
Crnich,Bracken,B.Crnich@mail.com
Hendryx,Nagib,N.Hendryx@yahoo.mail
Uziel,CJ,C.Uziel@yahoo.org
Calliste,Aedan,A.Calliste@mail.mail
Tingley,Ramsey,R.Tingley@mail.net
Lyken,Edwin,E.Lyken@mailsevre.co.uk
Okey,Nicki,N.Okey@sky.net
Halt,Khalan,K.Halt@sky.org
Pickert,Ogheneochuko,O.Pickert@karoo.com
Gugliotti,Antoine,A.Gugliotti@mailsevre.org
Offutt,Bradan,B.Offutt@mail.mail
Isbrecht,Baye,B.Isbrecht@sky.net
Augliano,Emmet,E.Augliano@msn.com
Giambattista,Callie,C.Giambattista@email.mail
Martischnig,Kairn,K.Martischnig@karoo.net
Demara,Kean,K.Demara@mailsevre.co.uk
Pickl,Nagib,N.Pickl@deliver.org
Mccanse,Kevin,K.Mccanse@sky.mail
Dietrich,Cassy,C.Dietrich@email.org
Mozick,Mehraz,M.Mozick@deliver.org
Cruea,Sheriff,S.Cruea@mailsevre.com
Dohan,Hao,H.Dohan@yahoo.org
Schmollinger,Kole,K.Schmollinger@mailsevre.mail
Oblinski,Shayne,S.Oblinski@aol.com
Marchiony,Eamon,E.Marchiony@aol.net
Greenleaf,Barrie,B.Greenleaf@hotmail.org
Stanis,John-Scott,J.Stanis@gmail.com
Derr,Keelan,K.Derr@aol.mail
Poltorak,Sherwyn,S.Poltorak@sky.co.uk
Tyacke,Keeman,K.Tyacke@yahoo.co.uk
Mccray,Dante,D.Mccray@mailsevre.com
Wahlert,Lochlann,L.Wahlert@yahoo.co.uk
Vidra,Ronan-Benedict,R.Vidra@gmail.co.uk
Kittleson,Arayan,A.Kittleson@aol.com
Smithee,Bailey,B.Smithee@aol.net
Kyte,Yusef,Y.Kyte@msn.co.uk
Franks,Murdo,M.Franks@yahoo.net
Height,Talorcan,T.Height@aol.com
Chanin,Sylvain,S.Chanin@yahoo.com
Langwell,Aedyn,A.Langwell@sky.co.uk
Foell,Kenyon,K.Foell@aol.org
Patak,Ty,T.Patak@karoo.net
Pecka,Hussain,H.Pecka@sky.mail
Giannecchini,Harjyot,H.Giannecchini@gmail.net
Viteaux,Finnlay,F.Viteaux@mail.co.uk
Kimberling,Henri,H.Kimberling@email.com
Mieles,Robbie-lee,R.Mieles@yahoo.org
Vandenburg,Asa,A.Vandenburg@mailsevre.mail
Marseglia,Wai,W.Marseglia@sky.mail
Ruts,Tamar,T.Ruts@mailsevre.co.uk
Emilio,Kashif,K.Emilio@yahoo.mail
Hessell,Hugo,H.Hessell@mail.net
Biltz,Kevin,K.Biltz@yahoo.com
Froozy,Douglas,D.Froozy@deliver.mail
Margulis,Calean,C.Margulis@deliver.mail
Ruehle,Shannon,S.Ruehle@mail.org
Sledge,Muneeb,M.Sledge@aol.co.uk
Va,Shannon,S.Va@gmail.com
Roemer,Francesco,F.Roemer@email.mail
Freshwater,Zoubaeir,Z.Freshwater@mail.com
Brambila,Howard,H.Brambila@sky.co.uk
Vancleaf,Isa,I.Vancleaf@sky.co.uk
Colvin,Kurtis,K.Colvin@karoo.net
Braggs,Oakley,O.Braggs@mailsevre.co.uk
Selmon,Kale,K.Selmon@yahoo.net
Clarbour,Fauzaan,F.Clarbour@gmail.co.uk
Polverari,Bendeguz,B.Polverari@karoo.mail
Frentzel,Ryszard,R.Frentzel@mailsevre.org
Liehr,Liam-Stephen,L.Liehr@deliver.co.uk
Harbert,Eren,E.Harbert@mail.org
Cramblet,Yanick,Y.Cramblet@aol.co.uk
Koegel,Cyrus,C.Koegel@email.com
Roble,Leighton,L.Roble@yahoo.net
Steinbruckner,Uzayr,U.Steinbruckner@hotmail.net
Marking,Devyn,D.Marking@mail.mail
Angier,Kirwin,K.Angier@email.co.uk
Worthen,Rudi,R.Worthen@hotmail.org
Weigelt,Dalton,D.Weigelt@hotmail.org
Smithe,Ollie,O.Smithe@sky.com
Cannan,Junior,J.Cannan@deliver.org
Corley,Girius,G.Corley@aol.net
Piliero,Rexford,R.Piliero@mail.org
Mauson,Zohair,Z.Mauson@deliver.com
Niebla,Shaarvin,S.Niebla@karoo.net
Zwolinski,Shai,S.Zwolinski@karoo.net
Chessher,Jameil,J.Chessher@hotmail.org
Marinello,Marzuq,M.Marinello@email.com
Jent,Rylie,R.Jent@mailsevre.com
Loughnane,Codi,C.Loughnane@mailsevre.net
Gripp,David-Jay,D.Gripp@mail.com
Bulla,Kaison,K.Bulla@email.mail
Kallberg,Tristan,T.Kallberg@gmail.mail
Gonsiewski,Sonny,S.Gonsiewski@aol.co.uk
Bucknell,Avinash,A.Bucknell@msn.net
Fogle,Morris,M.Fogle@yahoo.com
Simkowitz,Lakshya,L.Simkowitz@yahoo.net
Halwick,Nyah,N.Halwick@mailsevre.org
Doderer,Oskar,O.Doderer@msn.net
Deveja,Cassy,C.Deveja@sky.net
Lemmings,Bartlomiej,B.Lemmings@hotmail.net
Sheck,Zein,Z.Sheck@deliver.org
Newill,Gallagher,G.Newill@email.org
Theiler,Sudais,S.Theiler@msn.net
Brevitz,Leroy,L.Brevitz@karoo.org
Gumina,Chang-Ha,C.Gumina@mailsevre.net
Hathorne,Hristomir,H.Hathorne@deliver.net
Michaels,Jayhan,J.Michaels@hotmail.mail
Mcaskill,Mati,M.Mcaskill@aol.com
Morcos,Kealan,K.Morcos@aol.mail
Schuller,Leighton,L.Schuller@yahoo.com
Runkle,Bekim,B.Runkle@sky.co.uk
Hebdon,Lovell,L.Hebdon@mailsevre.net
Shipe,Zakariya,Z.Shipe@msn.co.uk
Lievano,Forgan,F.Lievano@aol.org
Duxbury,Cayden-Tiamo,C.Duxbury@email.com
Futterman,Aditya,A.Futterman@gmail.co.uk
Paasch,Caolan,C.Paasch@hotmail.org
Hanohano,Keiren,K.Hanohano@deliver.net
Bonino,Lance,L.Bonino@email.co.uk
Stoudymire,Hately,H.Stoudymire@aol.mail
Shippey,Isimeli,I.Shippey@yahoo.org
Hafemeister,Syed,S.Hafemeister@mail.co.uk
Essen,Rooke,R.Essen@mailsevre.net
Newbound,Teagan,T.Newbound@mail.net
Edes,Eli,E.Edes@mail.co.uk
Maxedon,Allan-Laiton,A.Maxedon@aol.co.uk
Duane,Keir,K.Duane@aol.mail
Hilyer,Zenith,Z.Hilyer@sky.mail
Whillock,Xander,X.Whillock@karoo.mail
Tohonnie,Dermot,D.Tohonnie@gmail.net
Leyvas,Ravin,R.Leyvas@msn.org
Vollstedt,Blaike,B.Vollstedt@yahoo.com
Tamulis,Clyde,C.Tamulis@hotmail.org
Quartuccio,Adam,A.Quartuccio@karoo.net
Cockrin,Rufus,R.Cockrin@msn.mail
Opper,Nikash,N.Opper@gmail.co.uk
Famulare,Olie,O.Famulare@mail.net
Lucatero,Rogan,R.Lucatero@gmail.mail
Kahanaoi,Tanvir,T.Kahanaoi@mail.net
Rarey,Nassir,N.Rarey@msn.com
Hiter,Amaan,A.Hiter@hotmail.com
Youkanaa,Zeek,Z.Youkanaa@yahoo.mail
Malhi,Levi,L.Malhi@mail.com
Vanarsdale,Alanas,A.Vanarsdale@yahoo.mail
Torner,Alexzander,A.Torner@msn.co.uk
Kostic,Jaymie,J.Kostic@mail.com
Guignard,Aedyn,A.Guignard@yahoo.mail
Gitelman,Lorcan,L.Gitelman@hotmail.org
Kropff,Craig-James,C.Kropff@karoo.net
Olsen,Milosz,M.Olsen@msn.co.uk
Mendibles,Nadeem,N.Mendibles@yahoo.mail
Bovey,Ravin,R.Bovey@hotmail.org
Schink,Skye,S.Schink@gmail.net
Jaecks,Blessing,B.Jaecks@mail.mail
Hommerding,Ze,Z.Hommerding@gmail.mail
Swiger,Emile,E.Swiger@mailsevre.mail
Mangat,Darius,D.Mangat@mailsevre.net
Mengel,Kajetan,K.Mengel@yahoo.co.uk
Rivie,Zeek,Z.Rivie@mailsevre.net
Glasner,Nassir,N.Glasner@email.org
Whit,Nate,N.Whit@hotmail.org
Quakenbush,Francisco,F.Quakenbush@hotmail.co.uk
Meason,Jura,J.Meason@aol.net
Spara,Eric,E.Spara@karoo.co.uk
Blum,Carrich,C.Blum@karoo.mail
Crickmore,Gavin-Lee,G.Crickmore@deliver.co.uk
Rautenstrauch,McLay,M.Rautenstrauch@email.org
Leconey,Shadow,S.Leconey@mailsevre.net
Anesi,Darrius,D.Anesi@hotmail.com
Fioravanti,Caethan,C.Fioravanti@aol.co.uk
Delcarlo,Cullin,C.Delcarlo@yahoo.com
Frankowski,Jonah,J.Frankowski@karoo.org
Mcelhany,Fergie,F.Mcelhany@mail.com
Gaymon,Benjamin,B.Gaymon@karoo.net
Theard,Osesenagha,O.Theard@mail.com
Hrbacek,Levy,L.Hrbacek@gmail.net
Synan,Kailin,K.Synan@mail.org
Geasley,Daegyu,D.Geasley@email.mail
Weiter,Caolain,C.Weiter@mail.mail
Edwards,Nathaniel,N.Edwards@email.co.uk
Fierra,Karim,K.Fierra@gmail.com
Cockey,Jebadiah,J.Cockey@karoo.mail
Stick,Haydyn,H.Stick@msn.org
Jubeh,Cale,C.Jubeh@deliver.net
Hergenroeder,Guang,G.Hergenroeder@aol.mail
Singharath,Rexford,R.Singharath@yahoo.co.uk
Gravito,Raithin,R.Gravito@aol.com
Krishna,Jakub,J.Krishna@msn.com
Roane,Jock,J.Roane@deliver.mail
Reyelts,Meyzhward,M.Reyelts@mailsevre.org
Brys,Pearse,P.Brys@deliver.mail
Wattenbarger,Jamaal,J.Wattenbarger@sky.net
Heino,Aiadan,A.Heino@mailsevre.mail
Kotte,Celik,C.Kotte@karoo.org
Hollard,Kareem,K.Hollard@gmail.org
Elsheimer,Dalton,D.Elsheimer@karoo.org
Bartl,Athos-Carlos,A.Bartl@deliver.mail
Hofstadter,Suilven,S.Hofstadter@gmail.net
Shelnutt,Rishi,R.Shelnutt@mail.com
Beed,Cayden-Robert,C.Beed@karoo.mail
Ferenc,Hopkin,H.Ferenc@deliver.org
Sweat,JJ,J.Sweat@mail.org
Bail,Denton,D.Bail@sky.co.uk
Spilis,Cael,C.Spilis@yahoo.mail
Girgis,Elliot,E.Girgis@gmail.mail
Nghe,Kasra,K.Nghe@karoo.org
Chasten,Samar,S.Chasten@hotmail.net
Lappe,Forgan,F.Lappe@karoo.co.uk
Bufton,Thorben,T.Bufton@yahoo.mail
Krampe,Wayde,W.Krampe@sky.org
Hellweg,Cyrus,C.Hellweg@email.com
Hetzer,Maksymilian,M.Hetzer@gmail.net
Nopper,Ritchie,R.Nopper@deliver.net
Galdamez,Kelam,K.Galdamez@aol.net
Amaya,Deecan,D.Amaya@msn.com
Hoekman,Aleem,A.Hoekman@hotmail.net
Slingerland,Devin,D.Slingerland@yahoo.mail
Ballina,Ed,E.Ballina@karoo.co.uk
Rybolt,Domanic,D.Rybolt@sky.org
Mckim,Daryn,D.Mckim@yahoo.org
Wilkerson,Hyden,H.Wilkerson@hotmail.net
Milak,Moshy,M.Milak@email.org
Nunoz,Flynn,F.Nunoz@gmail.co.uk
Oest,Karandeep,K.Oest@aol.co.uk
Colgin,Dalton,D.Colgin@msn.com
Lingren,Umer,U.Lingren@mailsevre.co.uk
Horry,Grahame,G.Horry@email.com
Beasmore,Sergio,S.Beasmore@aol.net
Cisneros,Remo,R.Cisneros@hotmail.mail
Alepin,Gil,G.Alepin@hotmail.com
Halyk,Keavan,K.Halyk@msn.net
Kinkade,Casey,C.Kinkade@mail.co.uk
Brei,Bertie,B.Brei@aol.co.uk
Webb,Zak,Z.Webb@email.com
Schwarcz,Mitchel,M.Schwarcz@msn.co.uk
Pressey,Steve,S.Pressey@sky.net
Clift,Arnav,A.Clift@hotmail.mail
Katcsmorak,Chase,C.Katcsmorak@msn.mail
Channer,Butali,B.Channer@deliver.com
Ovalle,Thorben,T.Ovalle@gmail.co.uk
Ocacio,Nikos,N.Ocacio@email.mail
Muellerleile,Ryleigh,R.Muellerleile@deliver.com
Schulenburg,Aleksandrs,A.Schulenburg@aol.co.uk
Blanton,Scott,S.Blanton@karoo.org
Zannino,Judah,J.Zannino@sky.co.uk
Cabe,Sayad,S.Cabe@deliver.mail
Savell,Jacques,J.Savell@aol.net
Doles,Zarran,Z.Doles@msn.mail
Schuepfer,Amro,A.Schuepfer@mailsevre.mail
Wiktor,Leven,L.Wiktor@yahoo.co.uk
Falconeri,Sheriff,S.Falconeri@hotmail.org
Zogg,Abdullah,A.Zogg@mail.co.uk
Rahaman,Dennin,D.Rahaman@hotmail.com
Henningson,Kaison,K.Henningson@yahoo.mail
Trauernicht,Aaron,A.Trauernicht@yahoo.com
Nicar,Abdalroof,A.Nicar@email.mail
Patnode,Eljay,E.Patnode@sky.com
Fairbank,Jaii,J.Fairbank@sky.co.uk
Gehlbach,Christie,C.Gehlbach@yahoo.co.uk
Satter,Heini,H.Satter@email.net
Portuondo,Surien,S.Portuondo@hotmail.mail
Woessner,Carter,C.Woessner@sky.co.uk
Weier,Raza,R.Weier@hotmail.mail
Kawa,Yoji,Y.Kawa@mail.co.uk
Vanderkaaden,Dawud,D.Vanderkaaden@deliver.net
Kopin,Mustafa,M.Kopin@hotmail.co.uk
Rogness,Lucais,L.Rogness@gmail.com
Hickton,Sam,S.Hickton@hotmail.org
Blish,Griffin,G.Blish@sky.net
Vanwieren,Zach,Z.Vanwieren@gmail.org
Shor,Dale,D.Shor@hotmail.org
Greig,Kian-James,K.Greig@email.co.uk
Lauderbaugh,Sachkirat,S.Lauderbaugh@msn.org
Paavola,Cruiz,C.Paavola@msn.com
Stueve,Reid,R.Stueve@aol.co.uk
Generalao,Eadie,E.Generalao@gmail.com
Rotkovecz,Kyrran,K.Rotkovecz@gmail.com
Kuick,Uchenna,U.Kuick@msn.mail
Izatt,Curtis,C.Izatt@gmail.co.uk
Mynhier,Keith,K.Mynhier@email.co.uk
Parara,Kameron,K.Parara@mail.org
Lehner,Kadyn,K.Lehner@gmail.mail
Bienfang,Johnny,J.Bienfang@gmail.com
Rundahl,Johnpaul,J.Rundahl@yahoo.org
Goetze,Vinnie,V.Goetze@deliver.net
Orendorff,Shaye,S.Orendorff@gmail.org
Langarica,Habeeb,H.Langarica@yahoo.org
Halasz,Anir,A.Halasz@karoo.co.uk
Speyrer,Aarman,A.Speyrer@mail.mail
Mogollon,Finley,F.Mogollon@mailsevre.co.uk
Renko,Alan,A.Renko@email.com
Benion,Chi,C.Benion@yahoo.mail
Beddard,Fionn,F.Beddard@gmail.net
Schrum,Caley,C.Schrum@mailsevre.mail
Njie,Bezalel,B.Njie@hotmail.com
Hippensteel,Hosea,H.Hippensteel@sky.com
Boore,Ker,K.Boore@msn.net
Schick,Garrett,G.Schick@gmail.mail
Grime,Jincheng,J.Grime@hotmail.net
